title,type,release_year,rating,country
Lucifer 0,TV Show,2003,PG-13,Spain
Squid Game 1,TV Show,2002,PG-13,India
Lucifer 2,TV Show,2010,TV-MA,USA
The Order 3,Movie,1997,R,Spain
Lucifer 4,Movie,2022,R,India
The Order 5,Movie,2000,PG-13,Mexico
Squid Game 6,Movie,2006,TV-14,France
The Crown 7,Movie,2013,PG-13,Japan
Squid Game 8,Movie,2005,TV-MA,Japan
The Crown 9,Movie,2011,PG-13,Canada
Breaking Bad 10,Movie,2016,TV-MA,USA
The Witcher 11,Movie,2022,R,Spain
Squid Game 12,Movie,2003,PG-13,Spain
Narcos 13,Movie,2020,PG-13,Germany
Narcos 14,TV Show,1990,TV-MA,Canada
The Order 15,Movie,2013,R,USA
Mindhunter 16,TV Show,2015,TV-MA,Spain
Manifest 17,Movie,2000,R,France
Money Heist 18,Movie,2021,R,Japan
The Society 19,Movie,1995,R,Canada
Black Mirror 20,Movie,2007,TV-MA,India
Titans 21,TV Show,2015,TV-14,Australia
Dark 22,TV Show,2013,PG-13,Australia
Black Mirror 23,Movie,1998,TV-MA,France
Ozark 24,Movie,2002,TV-14,India
Outer Banks 25,TV Show,2022,R,India
Wednesday 26,TV Show,2019,R,Germany
Narcos 27,Movie,2017,PG-13,India
Elite 28,Movie,1996,PG-13,India
Lost in Space 29,Movie,2009,R,Japan
The Crown 30,TV Show,2002,PG-13,Germany
Wednesday 31,Movie,2015,PG-13,Mexico
Designated Survivor 32,TV Show,2007,TV-14,France
Dark 33,TV Show,2014,TV-MA,Canada
Riverdale 34,TV Show,1993,PG-13,Spain
Locke & Key 35,Movie,2009,TV-14,Mexico
Designated Survivor 36,TV Show,2013,PG-13,UK
The Umbrella Academy 37,Movie,2017,R,France
The Crown 38,TV Show,2021,R,UK
Shadow and Bone 39,TV Show,2004,TV-MA,Canada
The Order 40,TV Show,1999,PG-13,UK
Lost in Space 41,TV Show,1994,TV-14,USA
Shadow and Bone 42,Movie,2002,PG-13,Mexico
Black Mirror 43,Movie,2014,R,UK
Squid Game 44,Movie,1991,R,Japan
The Night Agent 45,TV Show,2018,TV-MA,USA
Elite 46,TV Show,2019,PG-13,India
The Society 47,TV Show,2002,PG-13,Australia
Breaking Bad 48,TV Show,1995,TV-14,Germany
Shadow and Bone 49,Movie,2017,PG-13,Australia
Money Heist 50,TV Show,2012,R,Mexico
Locke & Key 51,TV Show,2023,TV-14,France
Squid Game 52,TV Show,2004,TV-14,Canada
Elite 53,Movie,2001,TV-14,Spain
Squid Game 54,Movie,2002,PG-13,USA
Stranger Things 55,Movie,1999,R,USA
Lucifer 56,Movie,2019,PG-13,Mexico
The Order 57,Movie,2008,R,India
The Umbrella Academy 58,Movie,1990,TV-MA,Spain
The Umbrella Academy 59,TV Show,1991,PG-13,Mexico
Lost in Space 60,TV Show,2023,TV-14,USA
The Night Agent 61,Movie,1999,PG-13,Spain
Shadow and Bone 62,Movie,2009,TV-MA,Mexico
Narcos 63,Movie,2016,PG-13,USA
Peaky Blinders 64,TV Show,1991,R,Mexico
Squid Game 65,Movie,1999,TV-MA,India
Manifest 66,TV Show,2017,PG-13,Germany
Alice in Borderland 67,TV Show,2014,TV-MA,India
Designated Survivor 68,TV Show,2018,PG-13,France
Lost in Space 69,Movie,2010,TV-14,Australia
Outer Banks 70,Movie,2019,R,Japan
The Umbrella Academy 71,TV Show,2012,TV-MA,UK
Lucifer 72,TV Show,1992,TV-14,India
The Umbrella Academy 73,Movie,2007,TV-14,USA
All of Us Are Dead 74,TV Show,2007,TV-MA,USA
You 75,Movie,1995,TV-14,Australia
Alice in Borderland 76,Movie,1996,R,Mexico
The Crown 77,Movie,2001,R,Germany
Lupin 78,TV Show,1997,PG-13,Australia
Wednesday 79,Movie,2015,TV-MA,Japan
Stranger Things 80,Movie,2022,PG-13,Germany
Stranger Things 81,TV Show,2018,R,Japan
Ozark 82,TV Show,1996,PG-13,Canada
Designated Survivor 83,Movie,1995,PG-13,Canada
The Society 84,TV Show,2001,TV-14,Mexico
Narcos 85,TV Show,2005,R,UK
Lucifer 86,Movie,2011,PG-13,USA
Titans 87,Movie,1994,TV-14,USA
Stranger Things 88,TV Show,2005,PG-13,India
Squid Game 89,Movie,2015,R,USA
Peaky Blinders 90,Movie,2000,TV-MA,India
Wednesday 91,Movie,2019,TV-14,Japan
Shadow and Bone 92,TV Show,1993,PG-13,Australia
You 93,TV Show,2010,TV-14,Australia
You 94,Movie,2012,PG-13,Canada
Designated Survivor 95,Movie,2019,PG-13,Japan
Friends 96,Movie,2009,TV-14,France
Stranger Things 97,Movie,2013,TV-MA,France
Lost in Space 98,TV Show,1994,TV-14,Spain
Elite 99,Movie,1991,R,Germany
