review_text,sentiment
Not recommended at all. Will buy again.,negative
"Fantastic product, exceeded my expectations. Highly recommended.",positive
Stopped working within days. ,negative
Neither good nor bad. Verified purchase.,neutral
"Fantastic product, exceeded my expectations. Highly recommended.",positive
"I want a refund, this is useless. Verified purchase.",negative
Overpriced and underperforms. Highly recommended.,negative
I have mixed feelings. Verified purchase.,neutral
Quality is poor and customer service is bad. Highly recommended.,negative
I am extremely happy with this. ,positive
"Terrible, broke after one use. Will buy again.",negative
Stopped working within days. Highly recommended.,negative
"This made my day, excellent service. Will buy again.",positive
Excellent value for money. Highly recommended.,positive
Stopped working within days. Highly recommended.,negative
"Fantastic product, exceeded my expectations. ",positive
Fair quality for the price. Verified purchase.,neutral
Worst purchase ever. Will buy again.,negative
"Very disappointed, not as described. Verified purchase.",negative
"Don't buy this, complete waste. Not sure.",negative
"Fantastic product, exceeded my expectations. ",positive
Stopped working within days. Verified purchase.,negative
"It's okay, does the job. Verified purchase.",neutral
Neither good nor bad. ,neutral
"Very disappointed, not as described. Will buy again.",negative
Very satisfied with the purchase. Highly recommended.,positive
"I want a refund, this is useless. Verified purchase.",negative
Worst purchase ever. Not sure.,negative
Excellent value for money. Not sure.,positive
"I want a refund, this is useless. Will buy again.",negative
I regret this purchase. ,negative
"Very disappointed, not as described. Verified purchase.",negative
I have mixed feelings. ,neutral
"Fantastic product, exceeded my expectations. Highly recommended.",positive
I am extremely happy with this. Not sure.,positive
Met expectations but not wow. Not sure.,neutral
Stopped working within days. Not sure.,negative
Neither good nor bad. Verified purchase.,neutral
Quality is poor and customer service is bad. Will buy again.,negative
Amazing! Five stars. Not sure.,positive
The quality is outstanding and delivery was fast. ,positive
I absolutely loved this! Highly recommend it. Highly recommended.,positive
Very satisfied with the purchase. Highly recommended.,positive
I have mixed feelings. ,neutral
Excellent value for money. ,positive
Amazing! Five stars. Verified purchase.,positive
I have mixed feelings. ,neutral
"I want a refund, this is useless. Verified purchase.",negative
Met expectations but not wow. Not sure.,neutral
Quality is poor and customer service is bad. Highly recommended.,negative
"Terrible, broke after one use. Not sure.",negative
The quality is outstanding and delivery was fast. ,positive
The quality is outstanding and delivery was fast. Verified purchase.,positive
"This made my day, excellent service. Highly recommended.",positive
"Fantastic product, exceeded my expectations. ",positive
Stopped working within days. Not sure.,negative
Excellent value for money. Verified purchase.,positive
Works as advertised. Not sure.,neutral
The quality is outstanding and delivery was fast. Highly recommended.,positive
Excellent value for money. Will buy again.,positive
"Standard product, typical performance. Verified purchase.",neutral
"Very disappointed, not as described. Highly recommended.",negative
Amazing! Five stars. ,positive
"Terrible, broke after one use. Verified purchase.",negative
I regret this purchase. Not sure.,negative
The quality is outstanding and delivery was fast. Will buy again.,positive
Excellent value for money. Not sure.,positive
I am extremely happy with this. Will buy again.,positive
Excellent value for money. ,positive
Amazing! Five stars. Highly recommended.,positive
Worst purchase ever. Not sure.,negative
I am extremely happy with this. ,positive
Quality is poor and customer service is bad. Verified purchase.,negative
Satisfactory but could be improved. Highly recommended.,neutral
I absolutely loved this! Highly recommend it. Will buy again.,positive
"Top-notch product, works perfectly. ",positive
Excellent value for money. ,positive
"Top-notch product, works perfectly. Not sure.",positive
"Fantastic product, exceeded my expectations. Highly recommended.",positive
Excellent value for money. ,positive
"Don't buy this, complete waste. ",negative
I absolutely loved this! Highly recommend it. Not sure.,positive
Works as advertised. Verified purchase.,neutral
"Don't buy this, complete waste. Verified purchase.",negative
I have mixed feelings. Not sure.,neutral
Stopped working within days. ,negative
Neither good nor bad. Highly recommended.,neutral
Overpriced and underperforms. ,negative
"I want a refund, this is useless. Will buy again.",negative
"Don't buy this, complete waste. Not sure.",negative
Works as advertised. Highly recommended.,neutral
Quality is poor and customer service is bad. Verified purchase.,negative
Overpriced and underperforms. Not sure.,negative
Fair quality for the price. ,neutral
"Top-notch product, works perfectly. Not sure.",positive
I regret this purchase. Verified purchase.,negative
Overpriced and underperforms. Verified purchase.,negative
"Fantastic product, exceeded my expectations. Highly recommended.",positive
Very satisfied with the purchase. ,positive
Neither good nor bad. Verified purchase.,neutral
"Top-notch product, works perfectly. Verified purchase.",positive
Not recommended at all. Will buy again.,negative
Fair quality for the price. Highly recommended.,neutral
Amazing! Five stars. Not sure.,positive
Stopped working within days. ,negative
The quality is outstanding and delivery was fast. ,positive
"Top-notch product, works perfectly. Verified purchase.",positive
Excellent value for money. Highly recommended.,positive
Quality is poor and customer service is bad. Not sure.,negative
"Don't buy this, complete waste. Will buy again.",negative
Worst purchase ever. Will buy again.,negative
I absolutely loved this! Highly recommend it. Verified purchase.,positive
Not recommended at all. ,negative
"Great experience, will buy again. Verified purchase.",positive
"Terrible, broke after one use. Not sure.",negative
Excellent value for money. Verified purchase.,positive
Quality is poor and customer service is bad. Not sure.,negative
The quality is outstanding and delivery was fast. Not sure.,positive
Overpriced and underperforms. Not sure.,negative
Amazing! Five stars. Not sure.,positive
"Don't buy this, complete waste. ",negative
Neither good nor bad. Highly recommended.,neutral
Not recommended at all. Highly recommended.,negative
The quality is outstanding and delivery was fast. ,positive
Very satisfied with the purchase. Not sure.,positive
Worst purchase ever. Not sure.,negative
"This made my day, excellent service. ",positive
Stopped working within days. Highly recommended.,negative
Worst purchase ever. Will buy again.,negative
"Fantastic product, exceeded my expectations. Will buy again.",positive
Very satisfied with the purchase. Verified purchase.,positive
Worst purchase ever. Verified purchase.,negative
"Don't buy this, complete waste. Highly recommended.",negative
"Very disappointed, not as described. Not sure.",negative
Very satisfied with the purchase. Highly recommended.,positive
"It's okay, does the job. Not sure.",neutral
I regret this purchase. Will buy again.,negative
"Terrible, broke after one use. Will buy again.",negative
Fair quality for the price. Not sure.,neutral
"I want a refund, this is useless. ",negative
Very satisfied with the purchase. Will buy again.,positive
"I want a refund, this is useless. Will buy again.",negative
"Very disappointed, not as described. ",negative
I am extremely happy with this. ,positive
Stopped working within days. Highly recommended.,negative
"Terrible, broke after one use. Will buy again.",negative
"Terrible, broke after one use. ",negative
"Great experience, will buy again. Will buy again.",positive
"This made my day, excellent service. Not sure.",positive
Worst purchase ever. Verified purchase.,negative
"It's okay, does the job. Verified purchase.",neutral
Overpriced and underperforms. Verified purchase.,negative
"Fantastic product, exceeded my expectations. Highly recommended.",positive
I am extremely happy with this. Highly recommended.,positive
"This made my day, excellent service. Highly recommended.",positive
"Very disappointed, not as described. Verified purchase.",negative
"Standard product, typical performance. Highly recommended.",neutral
I am extremely happy with this. Verified purchase.,positive
"Terrible, broke after one use. Not sure.",negative
Excellent value for money. ,positive
I absolutely loved this! Highly recommend it. Highly recommended.,positive
Fair quality for the price. Will buy again.,neutral
Satisfactory but could be improved. Verified purchase.,neutral
I absolutely loved this! Highly recommend it. Will buy again.,positive
Fair quality for the price. ,neutral
"It's okay, does the job. ",neutral
"This made my day, excellent service. ",positive
Stopped working within days. Highly recommended.,negative
"Don't buy this, complete waste. Verified purchase.",negative
The quality is outstanding and delivery was fast. Verified purchase.,positive
"Don't buy this, complete waste. Will buy again.",negative
Very satisfied with the purchase. Not sure.,positive
"Very disappointed, not as described. ",negative
Excellent value for money. Highly recommended.,positive
"I want a refund, this is useless. Will buy again.",negative
Excellent value for money. Verified purchase.,positive
Worst purchase ever. Will buy again.,negative
Quality is poor and customer service is bad. Verified purchase.,negative
"This made my day, excellent service. Not sure.",positive
Amazing! Five stars. Verified purchase.,positive
Stopped working within days. Will buy again.,negative
"Don't buy this, complete waste. Verified purchase.",negative
Excellent value for money. Highly recommended.,positive
"Terrible, broke after one use. Not sure.",negative
Stopped working within days. Not sure.,negative
Worst purchase ever. Highly recommended.,negative
Works as advertised. Will buy again.,neutral
Not recommended at all. ,negative
"Top-notch product, works perfectly. Highly recommended.",positive
Works as advertised. Highly recommended.,neutral
"Top-notch product, works perfectly. Will buy again.",positive
"Great experience, will buy again. ",positive
I am extremely happy with this. Will buy again.,positive
I absolutely loved this! Highly recommend it. Not sure.,positive
Quality is poor and customer service is bad. Highly recommended.,negative
"Top-notch product, works perfectly. ",positive
Neither good nor bad. Will buy again.,neutral
"Terrible, broke after one use. ",negative
Worst purchase ever. Highly recommended.,negative
"Top-notch product, works perfectly. ",positive
